-- 유저 더미 데이터
INSERT INTO user(id, partner_id, img_src, password, nickname, mobile, birthdate, email, gender, address, matching, start_date, break_date) VALUES
('id01', null, 'image/a.jpg', 'pass1', '쭈니', '010-1234-5678', '1997-02-10', 'abcde1@gmail.com', 'm', '서울시 강남구 역삼동', '매칭완료', '2024-09-13', NULL),
('id02', NULL, 'image/a.jpg', 'pass2', '몽이', '010-2345-6789', '1996-03-15', 'abcde2@gmail.com', 'm', '서울시 서초구 반포동', '매칭전', NULL, NULL),
('id03', NULL, 'image/a.jpg', 'pass3', '찬이', '010-3456-7890', '1995-04-20', 'abcde3@gmail.com', 'm', '서울시 송파구 잠실동', '매칭전', NULL, NULL),
('id04', NULL, 'image/a.jpg', 'pass4', '뚜기', '010-4567-8913', '1994-05-25', 'abcde4@gmail.com', 'm', '서울시 마포구 서교동', '매칭전', NULL, NULL),
('id05', NULL, 'image/a.jpg', 'pass5', '재돌이', '010-5678-9022', '1993-06-30', 'abcde5@gmail.com', 'm', '서울시 영등포구 당산동', '매칭전', NULL, NULL),
('id06', NULL, 'image/a.jpg', 'pass6', '하니', '010-6789-0133', '1992-07-05', 'abcde6@gmail.com', 'm', '서울시 성동구 성수동', '매칭전', NULL, NULL),
('id07', NULL, 'image/a.jpg', 'pass7', '준서', '010-7890-1244', '1991-08-10', 'abcde7@gmail.com', 'm', '서울시 강북구 미아동', '매칭전', NULL, NULL),
('id08', NULL, 'image/a.jpg', 'pass8', '태민', '010-8901-2355', '1990-09-15', 'abcde8@gmail.com', 'm', '서울시 노원구 중계동', '매칭전', NULL, NULL),
('id09', NULL, 'image/a.jpg', 'pass9', '지훈', '010-9012-3466', '1989-10-20', 'abcde9@gmail.com', 'm', '서울시 은평구 불광동', '매칭전', NULL, NULL),
('id010', NULL, 'image/a.jpg', 'pass10', '성민', '010-0123-4577', '1988-11-25', 'abcde10@gmail.com', 'm', '서울시 동작구 사당동', '매칭전', NULL, NULL),
('id011', NULL, 'image/a.jpg', 'pass11', '미소', '010-1234-5688', '1987-12-30', 'abcde11@gmail.com', 'f', '서울시 용산구 이태원동', '매칭전', NULL, NULL),
('id012', NULL, 'image/a.jpg', 'pass12', '수지', '010-2345-6799', '1986-01-05', 'abcde12@gmail.com', 'f', '서울시 강서구 화곡동', '매칭전', NULL, NULL),
('id013', NULL, 'image/a.jpg', 'pass13', '다영', '010-3456-7800', '1985-02-10', 'abcde13@gmail.com', 'f', '서울시 중랑구 면목동', '매칭전', NULL, NULL),
('id014', NULL, 'image/a.jpg', 'pass14', '유리', '010-4567-8911', '1984-03-15', 'abcde14@gmail.com', 'f', '서울시 관악구 신림동', '매칭전', NULL, NULL),
('id015', NULL, 'image/a.jpg', 'pass15', '혜리', '010-5678-9042', '1983-04-20', 'abcde15@gmail.com', 'f', '서울시 도봉구 창동', '매칭전', NULL, NULL),
('id016', NULL, 'image/a.jpg', 'pass16', '민정', '010-6789-0153', '1982-05-25', 'abcde16@gmail.com', 'f', '서울시 금천구 독산동', '매칭전', NULL, NULL),
('id017', NULL, 'image/a.jpg', 'pass17', '은비', '010-7290-1244', '1981-06-30', 'abcde17@gmail.com', 'f', '서울시 성북구 동소문동', '매칭전', NULL, NULL),
('id018', NULL, 'image/a.jpg', 'pass18', '다인', '010-8901-2755', '1980-07-05', 'abcde18@gmail.com', 'f', '서울시 양천구 목동', '매칭전', NULL, NULL),
('id019', NULL, 'image/a.jpg', 'pass19', '나연', '010-9012-3966', '1979-08-10', 'abcde19@gmail.com', 'f', '서울시 서대문구 홍제동', '매칭전', NULL, NULL),
('id20', 'id01', 'image/a.jpg', 'pass20', '예린', '010-0123-2577', '1978-09-15', 'abcde20@gmail.com', 'f', '서울시 동대문구 장안동', '매칭완료', '2024-09-13', NULL);
UPDATE user set partner_id = 'id20' WHERE id = 'id01';

-- 가계부 더미 데이터
-- 12개월 동안의 입금 데이터 (2024년 9월부터 2025년 8월까지)
INSERT INTO gagyebu (id, User_id, transaction_date, is_deposit, category, price, title, payment_type, etc) VALUES
-- 2024년 9월
(1, 'id01', '2024-09-10', 'true', NULL, 500000, '입금', NULL, ''),
(2, 'id20', '2024-09-20', 'true', NULL, 500000, '입금', NULL, ''),
-- 2024년 10월
(3, 'id01', '2024-10-10', 'true', NULL, 500000, '입금', NULL, ''),
(4, 'id20', '2024-10-20', 'true', NULL, 500000, '입금', NULL, ''),
-- 2024년 11월
(5, 'id01', '2024-11-10', 'true', NULL, 500000, '입금', NULL, ''),
(6, 'id20', '2024-11-20', 'true', NULL, 500000, '입금', NULL, ''),
-- 2024년 12월
(7, 'id01', '2024-12-10', 'true', NULL, 500000, '입금', NULL, ''),
(8, 'id20', '2024-12-20', 'true', NULL, 500000, '입금', NULL, ''),
-- 2025년 1월
(9, 'id01', '2025-01-10', 'true', NULL, 500000, '입금', NULL, ''),
(10, 'id20', '2025-01-20', 'true', NULL, 500000, '입금', NULL, ''),
-- 2025년 2월
(11, 'id01', '2025-02-10', 'true', NULL, 500000, '입금', NULL, ''),
(12, 'id20', '2025-02-20', 'true', NULL, 500000, '입금', NULL, ''),
-- 2025년 3월
(13, 'id01', '2025-03-10', 'true', NULL, 500000, '입금', NULL, ''),
(14, 'id20', '2025-03-20', 'true', NULL, 500000, '입금', NULL, ''),
-- 2025년 4월
(15, 'id01', '2025-04-10', 'true', NULL, 500000, '입금', NULL, ''),
(16, 'id20', '2025-04-20', 'true', NULL, 500000, '입금', NULL, ''),
-- 2025년 5월
(17, 'id01', '2025-05-10', 'true', NULL, 500000, '입금', NULL, ''),
(18, 'id20', '2025-05-20', 'true', NULL, 500000, '입금', NULL, ''),
-- 2025년 6월
(19, 'id01', '2025-06-10', 'true', NULL, 500000, '입금', NULL, ''),
(20, 'id20', '2025-06-20', 'true', NULL, 500000, '입금', NULL, ''),
-- 2025년 7월
(21, 'id01', '2025-07-10', 'true', NULL, 500000, '입금', NULL, ''),
(22, 'id20', '2025-07-20', 'true', NULL, 500000, '입금', NULL, ''),
-- 2025년 8월
(23, 'id01', '2025-08-10', 'true', NULL, 500000, '입금', NULL, ''),
(24, 'id20', '2025-08-20', 'true', NULL, 500000, '입금', NULL, '');
-- 12개월 동안의 지출 데이터 (한 달에 약 14개, 주말에 더 많이 발생)
INSERT INTO gagyebu (id, User_id, transaction_date, is_deposit, category, price, title, payment_type, etc) VALUES
-- 2024년 9월 지출
(25, 'id01', '2024-09-01', 'false', '식비', 15000, '주말 데이트 점심', '카드', ''),
(26, 'id01', '2024-09-02', 'false', '교통', 3000, '버스 요금', '현금', ''),
(27, 'id20', '2024-09-06', 'false', '숙박', 80000, '주말 여행 숙소', '계좌이체', ''),
(28, 'id01', '2024-09-08', 'false', '시설', 20000, '영화 관람', '카드', ''),
(29, 'id01', '2024-09-10', 'false', '식비', 18000, '주말 저녁 식사', '카드', ''),
(30, 'id20', '2024-09-15', 'false', '교통', 4000, '지하철 요금', '현금', ''),
(31, 'id01', '2024-09-18', 'false', '시설', 5000, '카페 이용', '현금', ''),
(32, 'id20', '2024-09-19', 'false', '교통', 2000, '택시 요금', '카드', ''),
(33, 'id01', '2024-09-21', 'false', '식비', 25000, '외식', '카드', ''),
(34, 'id20', '2024-09-22', 'false', '숙박', 90000, '호캉스', '계좌이체', ''),
(35, 'id01', '2024-09-23', 'false', '식비', 12000, '점심식사', '카드', ''),
(36, 'id20', '2024-09-25', 'false', '교통', 3000, '버스 요금', '현금', ''),
(37, 'id01', '2024-09-28', 'false', '식비', 20000, '주말 저녁 식사', '카드', ''),
(38, 'id20', '2024-09-30', 'false', '시설', 15000, '볼링', '카드', '');
-- 2024년 10월 지출
INSERT INTO gagyebu (id, User_id, transaction_date, is_deposit, category, price, title, payment_type, etc) VALUES
(39, 'id01', '2024-10-02', 'false', '식비', 13000, '점심', '카드', ''),
(40, 'id20', '2024-10-05', 'false', '시설', 22000, '노래방', '카드', ''),
(41, 'id01', '2024-10-07', 'false', '교통', 4000, '지하철 요금', '현금', ''),
(42, 'id01', '2024-10-09', 'false', '식비', 25000, '저녁 외식', '카드', ''),
(43, 'id20', '2024-10-11', 'false', '교통', 2000, '버스 요금', '현금', ''),
(44, 'id01', '2024-10-12', 'false', '식비', 17000, '브런치', '카드', ''),
(45, 'id20', '2024-10-14', 'false', '시설', 30000, '헬스장 등록', '카드', ''),
(46, 'id01', '2024-10-15', 'false', '숙박', 80000, '호텔 숙박', '계좌이체', ''),
(47, 'id20', '2024-10-18', 'false', '교통', 6000, '택시 요금', '현금', ''),
(48, 'id01', '2024-10-20', 'false', '식비', 32000, '저녁 외식', '카드', ''),
(49, 'id20', '2024-10-23', 'false', '시설', 12000, '카페 이용', '카드', ''),
(50, 'id01', '2024-10-25', 'false', '교통', 4000, '버스 요금', '현금', ''),
(51, 'id20', '2024-10-27', 'false', '식비', 20000, '주말 저녁 식사', '카드', ''),
(52, 'id01', '2024-10-29', 'false', '시설', 18000, '볼링', '카드', '');
-- 2024년 11월 지출
INSERT INTO gagyebu (id, User_id, transaction_date, is_deposit, category, price, title, payment_type, etc) VALUES
(53, 'id01', '2024-11-02', 'false', '식비', 15000, '점심', '카드', ''),
(54, 'id20', '2024-11-05', 'false', '교통', 5000, '지하철 요금', '현금', ''),
(55, 'id01', '2024-11-08', 'false', '시설', 25000, '영화 관람', '카드', ''),
(56, 'id01', '2024-11-10', 'false', '식비', 30000, '저녁 외식', '카드', ''),
(57, 'id20', '2024-11-13', 'false', '교통', 3000, '버스 요금', '현금', ''),
(58, 'id01', '2024-11-15', 'false', '숙박', 90000, '주말 여행 숙소', '계좌이체', ''),
(59, 'id20', '2024-11-17', 'false', '시설', 12000, '노래방', '카드', ''),
(60, 'id01', '2024-11-19', 'false', '교통', 2000, '택시 요금', '현금', ''),
(61, 'id20', '2024-11-22', 'false', '식비', 25000, '주말 외식', '카드', ''),
(62, 'id01', '2024-11-23', 'false', '시설', 20000, '카페 이용', '현금', ''),
(63, 'id20', '2024-11-26', 'false', '교통', 6000, '지하철 요금', '현금', ''),
(64, 'id01', '2024-11-27', 'false', '식비', 20000, '저녁 외식', '카드', ''),
(65, 'id20', '2024-11-29', 'false', '시설', 30000, '헬스장 등록', '계좌이체', ''),
(66, 'id01', '2024-11-30', 'false', '숙박', 80000, '호텔 숙박', '카드', '');
-- 2024년 12월 지출
INSERT INTO gagyebu (id, User_id, transaction_date, is_deposit, category, price, title, payment_type, etc) VALUES
(67, 'id01', '2024-12-02', 'false', '식비', 13000, '점심', '카드', ''),
(68, 'id20', '2024-12-04', 'false', '교통', 3000, '버스 요금', '현금', ''),
(69, 'id01', '2024-12-06', 'false', '시설', 50000, '스파 이용', '카드', ''),
(70, 'id20', '2024-12-08', 'false', '식비', 30000, '저녁 외식', '카드', ''),
(71, 'id01', '2024-12-10', 'false', '교통', 4000, '지하철 요금', '현금', ''),
(72, 'id20', '2024-12-12', 'false', '시설', 22000, '카페 이용', '카드', ''),
(73, 'id01', '2024-12-14', 'false', '식비', 25000, '주말 외식', '카드', ''),
(74, 'id20', '2024-12-16', 'false', '교통', 6000, '택시 요금', '현금', ''),
(75, 'id01', '2024-12-18', 'false', '시설', 15000, '볼링', '카드', ''),
(76, 'id20', '2024-12-20', 'false', '식비', 32000, '저녁 외식', '카드', ''),
(77, 'id01', '2024-12-22', 'false', '시설', 50000, '스파 이용', '카드', ''),
(78, 'id20', '2024-12-24', 'false', '교통', 5000, '버스 요금', '현금', ''),
(79, 'id01', '2024-12-26', 'false', '식비', 18000, '브런치', '카드', ''),
(80, 'id20', '2024-12-28', 'false', '시설', 20000, '영화 관람', '카드', '');
-- 2025년 1월 지출
INSERT INTO gagyebu (id, User_id, transaction_date, is_deposit, category, price, title, payment_type, etc) VALUES
(81, 'id01', '2025-01-02', 'false', '식비', 13000, '점심 식사', '카드', ''),
(82, 'id20', '2025-01-05', 'false', '교통', 3000, '버스 요금', '현금', ''),
(83, 'id01', '2025-01-06', 'false', '시설', 40000, '노래방', '카드', ''),
(84, 'id20', '2025-01-09', 'false', '식비', 35000, '저녁 외식', '카드', ''),
(85, 'id01', '2025-01-11', 'false', '교통', 4500, '지하철 요금', '현금', ''),
(86, 'id20', '2025-01-13', 'false', '숙박', 85000, '호텔 숙박', '계좌이체', ''),
(87, 'id01', '2025-01-15', 'false', '시설', 25000, '헬스장 등록', '카드', ''),
(88, 'id20', '2025-01-18', 'false', '식비', 30000, '브런치', '카드', ''),
(89, 'id01', '2025-01-20', 'false', '교통', 3000, '버스 요금', '현금', ''),
(90, 'id20', '2025-01-23', 'false', '시설', 15000, '카페 이용', '카드', ''),
(91, 'id01', '2025-01-25', 'false', '교통', 4000, '지하철 요금', '현금', ''),
(92, 'id20', '2025-01-27', 'false', '식비', 18000, '저녁 외식', '카드', ''),
(93, 'id01', '2025-01-29', 'false', '시설', 20000, '영화 관람', '카드', ''),
(94, 'id20', '2025-01-30', 'false', '숙박', 90000, '호텔 숙박', '계좌이체', '');
-- 2025년 2월 지출
INSERT INTO gagyebu (id, User_id, transaction_date, is_deposit, category, price, title, payment_type, etc) VALUES
(95, 'id01', '2025-02-02', 'false', '식비', 13000, '점심 식사', '카드', ''),
(96, 'id20', '2025-02-05', 'false', '교통', 3500, '지하철 요금', '현금', ''),
(97, 'id01', '2025-02-07', 'false', '시설', 25000, '볼링장', '카드', ''),
(98, 'id20', '2025-02-09', 'false', '식비', 30000, '저녁 외식', '카드', ''),
(99, 'id01', '2025-02-12', 'false', '교통', 4500, '택시 요금', '현금', ''),
(100, 'id20', '2025-02-14', 'false', '시설', 30000, '헬스장 등록', '카드', ''),
(101, 'id01', '2025-02-16', 'false', '식비', 20000, '주말 외식', '카드', ''),
(102, 'id20', '2025-02-18', 'false', '교통', 4000, '버스 요금', '현금', ''),
(103, 'id01', '2025-02-20', 'false', '시설', 15000, '카페 이용', '카드', ''),
(104, 'id20', '2025-02-22', 'false', '숙박', 70000, '주말 여행 숙소', '계좌이체', ''),
(105, 'id01', '2025-02-25', 'false', '식비', 18000, '브런치', '카드', ''),
(106, 'id20', '2025-02-26', 'false', '교통', 6000, '지하철 요금', '현금', ''),
(107, 'id01', '2025-02-28', 'false', '시설', 20000, '스파 이용', '카드', ''),
(108, 'id20', '2025-02-28', 'false', '식비', 32000, '저녁 외식', '카드', '');
-- 2025년 3월 지출
INSERT INTO gagyebu (id, User_id, transaction_date, is_deposit, category, price, title, payment_type, etc) VALUES
(109, 'id01', '2025-03-02', 'false', '식비', 15000, '점심 식사', '카드', ''),
(110, 'id20', '2025-03-04', 'false', '교통', 3500, '지하철 요금', '현금', ''),
(111, 'id01', '2025-03-06', 'false', '시설', 45000, '스포츠센터 등록', '카드', ''),
(112, 'id20', '2025-03-08', 'false', '식비', 25000, '저녁 외식', '카드', ''),
(113, 'id01', '2025-03-10', 'false', '교통', 4000, '버스 요금', '현금', ''),
(114, 'id20', '2025-03-12', 'false', '시설', 22000, '카페 이용', '카드', ''),
(115, 'id01', '2025-03-14', 'false', '식비', 30000, '주말 외식', '카드', ''),
(116, 'id20', '2025-03-16', 'false', '교통', 3000, '택시 요금', '현금', ''),
(117, 'id01', '2025-03-19', 'false', '시설', 15000, '볼링', '카드', ''),
(118, 'id20', '2025-03-21', 'false', '숙박', 85000, '호텔 숙박', '계좌이체', ''),
(119, 'id01', '2025-03-24', 'false', '식비', 18000, '점심 식사', '카드', ''),
(120, 'id20', '2025-03-26', 'false', '교통', 6000, '지하철 요금', '현금', ''),
(121, 'id01', '2025-03-28', 'false', '시설', 20000, '영화 관람', '카드', ''),
(122, 'id20', '2025-03-30', 'false', '식비', 30000, '저녁 외식', '카드', '');
-- 2025년 4월 지출
INSERT INTO gagyebu (id, User_id, transaction_date, is_deposit, category, price, title, payment_type, etc) VALUES
(123, 'id01', '2025-04-02', 'false', '식비', 14000, '점심 식사', '카드', ''),
(124, 'id20', '2025-04-04', 'false', '교통', 3000, '버스 요금', '현금', ''),
(125, 'id01', '2025-04-06', 'false', '시설', 18000, '카페 이용', '카드', ''),
(126, 'id20', '2025-04-08', 'false', '식비', 35000, '저녁 외식', '카드', ''),
(127, 'id01', '2025-04-10', 'false', '교통', 3500, '지하철 요금', '현금', ''),
(128, 'id20', '2025-04-13', 'false', '숙박', 70000, '호텔 숙박', '계좌이체', ''),
(129, 'id01', '2025-04-15', 'false', '식비', 30000, '주말 외식', '카드', ''),
(130, 'id20', '2025-04-18', 'false', '교통', 3000, '버스 요금', '현금', ''),
(131, 'id01', '2025-04-20', 'false', '시설', 16000, '볼링', '카드', ''),
(132, 'id20', '2025-04-23', 'false', '식비', 18000, '점심 식사', '카드', ''),
(133, 'id01', '2025-04-25', 'false', '교통', 4000, '지하철 요금', '현금', ''),
(134, 'id20', '2025-04-27', 'false', '시설', 25000, '영화 관람', '카드', ''),
(135, 'id01', '2025-04-29', 'false', '숙박', 90000, '호텔 숙박', '카드', ''),
(136, 'id20', '2025-04-30', 'false', '식비', 35000, '저녁 외식', '카드', '');
-- 2025년 5월 지출
INSERT INTO gagyebu (id, User_id, transaction_date, is_deposit, category, price, title, payment_type, etc) VALUES
(137, 'id01', '2025-05-02', 'false', '식비', 12000, '점심 식사', '카드', ''),
(138, 'id20', '2025-05-04', 'false', '교통', 3000, '버스 요금', '현금', ''),
(139, 'id01', '2025-05-06', 'false', '시설', 18000, '카페 이용', '카드', ''),
(140, 'id20', '2025-05-08', 'false', '식비', 25000, '저녁 외식', '카드', ''),
(141, 'id01', '2025-05-10', 'false', '교통', 3500, '지하철 요금', '현금', ''),
(142, 'id20', '2025-05-12', 'false', '숙박', 85000, '호텔 숙박', '계좌이체', ''),
(143, 'id01', '2025-05-15', 'false', '식비', 28000, '브런치', '카드', ''),
(144, 'id20', '2025-05-18', 'false', '교통', 2500, '버스 요금', '현금', ''),
(145, 'id01', '2025-05-20', 'false', '시설', 15000, '볼링', '카드', ''),
(146, 'id20', '2025-05-23', 'false', '식비', 32000, '저녁 외식', '카드', ''),
(147, 'id01', '2025-05-25', 'false', '교통', 3000, '택시 요금', '현금', ''),
(148, 'id20', '2025-05-27', 'false', '시설', 27000, '영화 관람', '카드', ''),
(149, 'id01', '2025-05-29', 'false', '식비', 18000, '점심 식사', '카드', ''),
(150, 'id20', '2025-05-30', 'false', '숙박', 92000, '호텔 숙박', '계좌이체', '');
-- 2025년 6월 지출
INSERT INTO gagyebu (id, User_id, transaction_date, is_deposit, category, price, title, payment_type, etc) VALUES
(151, 'id01', '2025-06-02', 'false', '식비', 15000, '점심 식사', '카드', ''),
(152, 'id20', '2025-06-04', 'false', '교통', 2500, '지하철 요금', '현금', ''),
(153, 'id01', '2025-06-06', 'false', '시설', 22000, '카페 이용', '카드', ''),
(154, 'id20', '2025-06-08', 'false', '식비', 35000, '저녁 외식', '카드', ''),
(155, 'id01', '2025-06-10', 'false', '교통', 4000, '버스 요금', '현금', ''),
(156, 'id20', '2025-06-13', 'false', '숙박', 80000, '호텔 숙박', '계좌이체', ''),
(157, 'id01', '2025-06-15', 'false', '식비', 24000, '브런치', '카드', ''),
(158, 'id20', '2025-06-18', 'false', '교통', 3000, '버스 요금', '현금', ''),
(159, 'id01', '2025-06-20', 'false', '시설', 20000, '볼링', '카드', ''),
(160, 'id20', '2025-06-23', 'false', '식비', 32000, '저녁 외식', '카드', ''),
(161, 'id01', '2025-06-25', 'false', '교통', 4500, '지하철 요금', '현금', ''),
(162, 'id20', '2025-06-27', 'false', '시설', 18000, '영화 관람', '카드', ''),
(163, 'id01', '2025-06-29', 'false', '식비', 14000, '점심 식사', '카드', ''),
(164, 'id20', '2025-06-30', 'false', '숙박', 87000, '호텔 숙박', '계좌이체', '');
-- 2025년 7월 지출
INSERT INTO gagyebu (id, User_id, transaction_date, is_deposit, category, price, title, payment_type, etc) VALUES
(165, 'id01', '2025-07-02', 'false', '식비', 15000, '점심 식사', '카드', ''),
(166, 'id20', '2025-07-04', 'false', '교통', 3000, '버스 요금', '현금', ''),
(167, 'id01', '2025-07-06', 'false', '시설', 18000, '카페 이용', '카드', ''),
(168, 'id20', '2025-07-08', 'false', '식비', 25000, '저녁 외식', '카드', ''),
(169, 'id01', '2025-07-10', 'false', '교통', 3500, '지하철 요금', '현금', ''),
(170, 'id20', '2025-07-12', 'false', '숙박', 85000, '호텔 숙박', '계좌이체', ''),
(171, 'id01', '2025-07-15', 'false', '식비', 28000, '브런치', '카드', ''),
(172, 'id20', '2025-07-18', 'false', '교통', 2500, '버스 요금', '현금', ''),
(173, 'id01', '2025-07-20', 'false', '시설', 15000, '볼링', '카드', ''),
(174, 'id20', '2025-07-23', 'false', '식비', 32000, '저녁 외식', '카드', ''),
(175, 'id01', '2025-07-25', 'false', '교통', 3000, '택시 요금', '현금', ''),
(176, 'id20', '2025-07-27', 'false', '시설', 27000, '영화 관람', '카드', ''),
(177, 'id01', '2025-07-29', 'false', '식비', 18000, '점심 식사', '카드', ''),
(178, 'id20', '2025-07-30', 'false', '숙박', 92000, '호텔 숙박', '계좌이체', '');
-- 2025년 8월 지출
INSERT INTO gagyebu (id, User_id, transaction_date, is_deposit, category, price, title, payment_type, etc) VALUES
(179, 'id01', '2025-08-02', 'false', '식비', 14000, '점심 식사', '카드', ''),
(180, 'id20', '2025-08-04', 'false', '교통', 3000, '버스 요금', '현금', ''),
(181, 'id01', '2025-08-06', 'false', '시설', 18000, '카페 이용', '카드', ''),
(182, 'id20', '2025-08-08', 'false', '식비', 25000, '저녁 외식', '카드', ''),
(183, 'id01', '2025-08-10', 'false', '교통', 3500, '지하철 요금', '현금', ''),
(184, 'id20', '2025-08-12', 'false', '숙박', 85000, '호텔 숙박', '계좌이체', ''),
(185, 'id01', '2025-08-15', 'false', '식비', 28000, '브런치', '카드', ''),
(186, 'id20', '2025-08-18', 'false', '교통', 2500, '버스 요금', '현금', ''),
(187, 'id01', '2025-08-20', 'false', '시설', 15000, '볼링', '카드', ''),
(188, 'id20', '2025-08-23', 'false', '식비', 32000, '저녁 외식', '카드', ''),
(189, 'id01', '2025-08-25', 'false', '교통', 3000, '택시 요금', '현금', ''),
(190, 'id20', '2025-08-27', 'false', '시설', 27000, '영화 관람', '카드', ''),
(191, 'id01', '2025-08-29', 'false', '식비', 18000, '점심 식사', '카드', ''),
(192, 'id20', '2025-08-30', 'false', '숙박', 92000, '호텔 숙박', '계좌이체', '');

-- schedule dummy data
-- Correctly sorted by start_date with adjusted ids

INSERT INTO schedule (id, User_id, is_personal, start_date, end_date, title, description)
VALUES
(1, 'id01', 'true', '2024-09-03', '2024-09-03', '데이트', '저녁 영화관 데이트'),
(2, 'id20', 'true', '2024-09-05', '2024-09-05', '운동', '함께 헬스장 가기'),
(3, 'id20', 'true', '2024-09-07', '2024-09-07', '쇼핑', '가을옷 쇼핑'),
(4, 'id20', 'true', '2024-09-09', '2024-09-09', '기념일', '100일 기념일 저녁 식사'),
(5, 'id01', 'true', '2024-09-12', '2024-09-12', '산책', '공원에서 산책'),
(6, 'id01', 'true', '2024-09-13', '2024-09-13', '저녁 약속', '친구들과 저녁 약속'),
(7, 'id20', 'true', '2024-09-14', '2024-09-14', '저녁 산책', '야경을 보며 산책'),
(8, 'id01', 'true', '2024-09-16', '2024-09-16', '홈 파티', '집에서 작은 파티 열기'),
(9, 'id01', 'true', '2024-09-19', '2024-09-19', '전시회', '현대미술 전시회 관람'),
(10, 'id01', 'true', '2024-09-20', '2024-09-20', '운동', '아침 조깅 후 브런치'),
(11, 'id20', 'true', '2024-09-22', '2024-09-22', '주말 여행', '주말동안 근교 여행'),
(12, 'id20', 'true', '2024-09-24', '2024-09-24', '드라이브', '근교로 드라이브'),
(13, 'id20', 'true', '2024-09-26', '2024-09-26', '도서관', '도서관에서 책 읽기'),
(14, 'id01', 'true', '2024-09-30', '2024-09-30', '강의', '함께 듣는 온라인 강의 참여'),
(15, 'id01', 'true', '2024-10-01', '2024-10-01', '오전 미팅', '업무 미팅'),
(16, 'id01', 'true', '2024-10-02', '2024-10-02', '스포츠', '함께 농구 경기 관람'),
(17, 'id01', 'true', '2024-10-06', '2024-10-06', '데이트', '도심 속 맛집 탐방'),
(18, 'id20', 'true', '2024-10-09', '2024-10-09', '축제', '지역 축제 방문'),
(19, 'id20', 'true', '2024-10-10', '2024-10-10', '전망대 방문', '전망대에서 도심 야경 보기'),
(20, 'id20', 'true', '2024-10-12', '2024-10-12', '주말 여행', '해변으로 주말 여행'),
(21, 'id01', 'true', '2024-10-13', '2024-10-13', '박물관', '역사 박물관 탐방'),
(22, 'id20', 'true', '2024-10-15', '2024-10-15', '야외 활동', '캠핑과 바베큐'),
(23, 'id20', 'true', '2024-10-17', '2024-10-17', '피크닉', '도심 속 피크닉'),
(24, 'id01', 'true', '2024-10-19', '2024-10-19', '영화 관람', '영화관에서 최신 영화 보기'),
(25, 'id01', 'true', '2024-10-23', '2024-10-23', '체험 활동', '도자기 만들기 체험'),
(26, 'id01', 'true', '2024-10-26', '2024-10-26', '등산', '근교 산으로 등산하기'),
(27, 'id20', 'true', '2024-10-28', '2024-10-28', '전시회', '지역 미술 전시회 관람'),
(28, 'id01', 'true', '2024-10-07', '2024-10-07', '테마파크', '테마파크 방문'),
(29, 'id20', 'true', '2024-10-20', '2024-10-20', '요리 클래스', '주말 요리 클래스 참석'),
(30, 'id20', 'true', '2024-10-30', '2024-10-30', '보드게임', '카페에서 보드게임 즐기기');

-- story dummy data
-- 2024년 9월 데이터 삽입
INSERT INTO story (id, User_id, upload_date, img_src, title, content) VALUES
(1, 'id01', '2024-09-03', '/image/a.jpg', 'Our Cozy Corner', 'Just a quiet evening at home with my love. Cozy vibes only!'),
(2, 'id20', '2024-09-08', '/image/a.jpg', 'Sunday Brunch', 'Nothing beats a relaxing brunch with the best company.'),
(3, 'id01', '2024-09-12', '/image/a.jpg', 'Adventure Awaits', 'Exploring new places with you is always the best part of the day.'),
(4, 'id20', '2024-09-17', '/image/a.jpg', 'Sweet Moments', 'Caught in a sweet moment together. Life is beautiful with you.'),
(5, 'id01', '2024-09-21', '/image/a.jpg', 'Late Night Talks', 'Our late-night talks are my favorite. Endless conversations and laughter.'),
(6, 'id20', '2024-09-24', '/image/a.jpg', 'Movie Night', 'Enjoying a classic movie with the one I love. Perfect night in.'),
(7, 'id01', '2024-09-27', '/image/a.jpg', 'Sunny Day Out', 'Sunshine and smiles on a perfect day out together.'),
(8, 'id20', '2024-09-29', '/image/a.jpg', 'Date Night', 'A special date night that we’ll remember for a long time.'),
(9, 'id01', '2024-09-30', '/image/a.jpg', 'Weekend Getaway', 'Escaping the routine with a lovely weekend trip.'),
(10, 'id20', '2024-09-15', '/image/a.jpg', 'Simple Joys', 'Finding joy in the simple things when we’re together.'),
-- 2024년 10월 데이터 삽입
(11, 'id01', '2024-10-02', '/image/a.jpg', 'Autumn Walk', 'Enjoying the crisp autumn air and colorful leaves with you.'),
(12, 'id20', '2024-10-07', '/image/a.jpg', 'Pumpkin Patch Fun', 'Had a blast picking out pumpkins together. Fall is here!'),
(13, 'id01', '2024-10-10', '/image/a.jpg', 'Rainy Day Comfort', 'Snuggling up on a rainy day with you is the best.'),
(14, 'id20', '2024-10-12', '/image/a.jpg', 'Concert Night', 'Rocking out at a concert with my favorite person.'),
(15, 'id01', '2024-10-16', '/image/a.jpg', 'Scenic Drive', 'A scenic drive and great company make for an unforgettable day.'),
(16, 'id20', '2024-10-20', '/image/a.jpg', 'Cafe Date', 'Sipping coffee and enjoying good conversation at our favorite cafe.'),
(17, 'id01', '2024-10-22', '/image/a.jpg', 'Cooking Together', 'Creating delicious memories in the kitchen with you.'),
(18, 'id20', '2024-10-25', '/image/a.jpg', 'Evening Stroll', 'An evening stroll with you is always the highlight of my day.'),
(19, 'id01', '2024-10-28', '/image/a.jpg', 'Halloween Prep', 'Getting into the Halloween spirit with some fun prep work.'),
(20, 'id20', '2024-10-31', '/image/a.jpg', 'Spooky Celebration', 'Celebrating Halloween with spooky fun and lots of laughter.');

-- category dummy data
INSERT into category(User_id, Category_name) values
('id01','교육,의료,숙박,교통,시설'),
('id20','교육,의료,숙박,교통,시설');
